STATION,DATE,LATITUDE,LONGITUDE,ELEVATION,NAME,TEMP,TEMP_ATTRIBUTES,DEWP,DEWP_ATTRIBUTES,SLP,SLP_ATTRIBUTES,STP,STP_ATTRIBUTES,VISIB,VISIB_ATTRIBUTES,WDSP,WDSP_ATTRIBUTES,MXSPD,GUST,MAX,MAX_ATTRIBUTES,MIN,MIN_ATTRIBUTES,PRCP,PRCP_ATTRIBUTES,SNDP,FRSHTT
74486094789,01/01/1986,40.63915,-73.76401,3.4,"JFK INTERNATIONAL AIRPORT, NY US",39.1,23,25.3,23,1014.3,23,14.5,18,11.8,23,11.4,23,18.1,21,46.9, ,35.1, ,0.04,G,999.9,110000
74486094789,02/01/1986,40.63915,-73.76401,3.4,"JFK INTERNATIONAL AIRPORT, NY US",35.4,24,21.4,24,1024.3,24,23.5,24,13,24,7.5,24,10.1,999.9,44.1,*,28, ,0,D,999.9,0
74486094789,03/01/1986,40.63915,-73.76401,3.4,"JFK INTERNATIONAL AIRPORT, NY US",42.8,24,31.1,24,1013.8,24,13.1,24,7.4,24,5.9,24,13,18.1,51.1,*,36, ,0,H,999.9,110000
74486094789,04/01/1986,40.63915,-73.76401,3.4,"JFK INTERNATIONAL AIRPORT, NY US",36.1,24,22.9,24,1017.4,24,16.7,24,13.1,24,11.8,24,22,32.1,51.1, ,28.9, ,0.47,G,999.9,0
74486094789,05/01/1986,40.63915,-73.76401,3.4,"JFK INTERNATIONAL AIRPORT, NY US",39.6,24,31.5,24,1007.8,24,7,24,9.9,24,10.9,24,20,35.9,45, ,32, ,0.28,G,999.9,110000
74486094789,06/01/1986,40.63915,-73.76401,3.4,"JFK INTERNATIONAL AIRPORT, NY US",33.9,24,16.6,24,1010,24,9.2,24,20.3,24,18.3,24,25.1,32.1,48, ,30.9, ,0,G,999.9,0
74486094789,07/01/1986,40.63915,-73.76401,3.4,"JFK INTERNATIONAL AIRPORT, NY US",25.7,24,2.7,24,1022.9,24,22.1,24,20.9,24,13.3,24,20,22,39.9, ,21, ,0,D,999.9,0
74486094789,08/01/1986,40.63915,-73.76401,3.4,"JFK INTERNATIONAL AIRPORT, NY US",20.9,24,1.3,24,1032.5,24,31.7,24,22,24,15.1,24,20,28,28.9, ,16, ,0,D,999.9,0
74486094789,09/01/1986,40.63915,-73.76401,3.4,"JFK INTERNATIONAL AIRPORT, NY US",27.3,24,7.9,24,1029.2,24,28.3,24,17.9,24,14.6,24,21,27,37.9,*,21, ,0,C,999.9,0
74486094789,10/01/1986,40.63915,-73.76401,3.4,"JFK INTERNATIONAL AIRPORT, NY US",37.4,24,18.1,24,1015.5,24,14.7,24,13.5,24,13.6,24,20,26,46.9,*,32, ,0,D,999.9,0
74486094789,11/01/1986,40.63915,-73.76401,3.4,"JFK INTERNATIONAL AIRPORT, NY US",34.7,24,16.5,24,1018.8,24,18,24,18.1,24,9.8,24,15,19,46.9, ,28, ,0,D,999.9,0
74486094789,12/01/1986,40.63915,-73.76401,3.4,"JFK INTERNATIONAL AIRPORT, NY US",37,24,26.4,24,1013.6,24,12.8,24,16.1,24,10.9,24,15,21,45,*,30.9, ,0,D,999.9,0
74486094789,13/01/1986,40.63915,-73.76401,3.4,"JFK INTERNATIONAL AIRPORT, NY US",38.7,24,27.3,24,1004.2,24,3.5,24,13.2,24,8.5,24,17.1,22,46.9,*,30.9, ,0,D,999.9,1000
74486094789,14/01/1986,40.63915,-73.76401,3.4,"JFK INTERNATIONAL AIRPORT, NY US",20.1,24,0.6,24,1011.2,24,10.4,24,16.2,24,14.9,24,22,29.9,48, ,15.1, ,0,D,999.9,1000
74486094789,15/01/1986,40.63915,-73.76401,3.4,"JFK INTERNATIONAL AIRPORT, NY US",15.2,24,-6.5,24,1024.6,24,23.7,24,20.9,24,14.9,24,22,28,23,*,7,*,0,C,999.9,0
74486094789,16/01/1986,40.63915,-73.76401,3.4,"JFK INTERNATIONAL AIRPORT, NY US",26.7,24,9.4,24,1032,24,31.3,24,14.8,24,9,24,15,999.9,36,*,19.9, ,0,D,999.9,0
74486094789,17/01/1986,40.63915,-73.76401,3.4,"JFK INTERNATIONAL AIRPORT, NY US",34.7,24,26.1,24,1029.5,24,28.8,24,5.9,24,4.1,24,8,999.9,46,*,28, ,0,D,999.9,0
74486094789,18/01/1986,40.63915,-73.76401,3.4,"JFK INTERNATIONAL AIRPORT, NY US",43.8,24,36.9,24,1022.3,24,21.6,24,4.8,24,6.5,24,8.9,999.9,57,*,35.1, ,0,C,999.9,100000
74486094789,19/01/1986,40.63915,-73.76401,3.4,"JFK INTERNATIONAL AIRPORT, NY US",48.5,24,48.1,24,1013.8,24,13,24,1.1,24,6.7,24,14,20,59, ,43, ,0.02,D,999.9,110000
74486094789,20/01/1986,40.63915,-73.76401,3.4,"JFK INTERNATIONAL AIRPORT, NY US",46.4,24,45.4,24,994.5,24,993.8,24,3.4,24,10.6,24,20,26,55, ,37.9, ,0.2,D,999.9,110000
74486094789,21/01/1986,40.63915,-73.76401,3.4,"JFK INTERNATIONAL AIRPORT, NY US",43,24,33.9,24,1008.1,24,7.3,24,17.1,24,14.1,24,20,24.1,53.1, ,39.9, ,0.08,G,999.9,10000
74486094789,22/01/1986,40.63915,-73.76401,3.4,"JFK INTERNATIONAL AIRPORT, NY US",40.9,24,32.7,24,1017.6,24,16.8,24,13.5,24,6.5,24,15,999.9,50, ,28, ,0,G,999.9,0
74486094789,23/01/1986,40.63915,-73.76401,3.4,"JFK INTERNATIONAL AIRPORT, NY US",39.3,24,20.3,24,1024.3,24,23.5,24,21.2,24,13.8,24,20,27,54, ,33.1, ,0,D,999.9,10000
74486094789,24/01/1986,40.63915,-73.76401,3.4,"JFK INTERNATIONAL AIRPORT, NY US",28.1,24,7,24,1033.6,24,32.8,24,22.2,24,10.2,24,15,20,41, ,21.9, ,0,D,999.9,0
74486094789,25/01/1986,40.63915,-73.76401,3.4,"JFK INTERNATIONAL AIRPORT, NY US",31.6,24,21.8,24,1033.7,24,33,24,14,24,10.5,24,15.9,26,42.1,*,23, ,0.01,D,999.9,111000
74486094789,26/01/1986,40.63915,-73.76401,3.4,"JFK INTERNATIONAL AIRPORT, NY US",46.7,24,44.9,24,1009.6,24,8.8,24,5.1,24,9.2,24,21,28.9,50,*,37, ,1.26,G,999.9,110000
74486094789,27/01/1986,40.63915,-73.76401,3.4,"JFK INTERNATIONAL AIRPORT, NY US",38.4,24,32.8,24,991.9,24,991.2,24,10,24,10.4,24,14,999.9,51.1, ,36, ,1.14,G,999.9,10000
74486094789,28/01/1986,40.63915,-73.76401,3.4,"JFK INTERNATIONAL AIRPORT, NY US",20.4,24,11.1,24,1000.5,24,999.7,24,9.4,24,19.1,24,24.1,32.1,39, ,12, ,0.12,G,2.8,101000
74486094789,29/01/1986,40.63915,-73.76401,3.4,"JFK INTERNATIONAL AIRPORT, NY US",16.7,24,3.2,24,1016.4,24,15.6,24,11.4,24,10.9,24,19,24.1,19.9, ,12.9, ,0,G,999.9,1000
74486094789,30/01/1986,40.63915,-73.76401,3.4,"JFK INTERNATIONAL AIRPORT, NY US",23.3,24,15.1,24,1019,24,18.2,24,9.4,24,11.3,24,15,22,30,*,19, ,0.01,C,0.8,101000
74486094789,31/01/1986,40.63915,-73.76401,3.4,"JFK INTERNATIONAL AIRPORT, NY US",27.6,24,15,24,1026.1,24,25.4,24,13,24,12.3,24,19,999.9,34,*,21.9, ,0,D,999.9,0
74486094789,01/02/1986,40.63915,-73.76401,3.4,"JFK INTERNATIONAL AIRPORT, NY US",28.5,24,17.5,24,1033.8,24,33.1,24,11.4,24,6.7,24,8.9,999.9,34, ,19.9, ,0,D,999.9,0
74486094789,02/02/1986,40.63915,-73.76401,3.4,"JFK INTERNATIONAL AIRPORT, NY US",40.9,24,34.4,24,1021,24,20.3,24,7.7,24,10.4,24,14,20,48.9,*,30.9, ,0.2,G,999.9,110000
74486094789,03/02/1986,40.63915,-73.76401,3.4,"JFK INTERNATIONAL AIRPORT, NY US",36,24,29.1,24,1022.4,24,21.7,24,10.2,24,8.6,24,14,22.9,48.9, ,28, ,0,G,999.9,0
74486094789,04/02/1986,40.63915,-73.76401,3.4,"JFK INTERNATIONAL AIRPORT, NY US",33.8,23,30,23,1023.8,23,23,23,6.7,23,7.1,23,10.1,999.9,43, ,28.9, ,0.08,D,0.8,111000
74486094789,05/02/1986,40.63915,-73.76401,3.4,"JFK INTERNATIONAL AIRPORT, NY US",37,24,35.4,24,1008.6,24,7.8,24,3.9,24,8.4,24,13,999.9,45,*,30.9, ,0.67,G,999.9,110000
74486094789,06/02/1986,40.63915,-73.76401,3.4,"JFK INTERNATIONAL AIRPORT, NY US",38,24,26,24,1016.7,24,16,24,12.4,24,10.7,24,20,24.1,45, ,32,*,0,G,999.9,0
74486094789,07/02/1986,40.63915,-73.76401,3.4,"JFK INTERNATIONAL AIRPORT, NY US",23.2,24,13.7,24,1019.6,24,18.9,24,6.9,24,14.1,24,19,27,41, ,19, ,0.04,G,4.7,101000
74486094789,08/02/1986,40.63915,-73.76401,3.4,"JFK INTERNATIONAL AIRPORT, NY US",26.1,24,22.1,24,1018.8,24,18,24,6,24,7.6,24,13,22,34,*,21.9, ,0,G,4.7,101000
74486094789,09/02/1986,40.63915,-73.76401,3.4,"JFK INTERNATIONAL AIRPORT, NY US",30.8,24,22.6,24,1020.4,24,19.6,24,9.5,24,5.4,24,8.9,999.9,36,*,24.1, ,0,D,999.9,0
74486094789,10/02/1986,40.63915,-73.76401,3.4,"JFK INTERNATIONAL AIRPORT, NY US",32.9,24,23.5,24,1020.1,24,19.3,24,9.3,24,4,24,7,999.9,37, ,28.9, ,0,D,999.9,0
74486094789,11/02/1986,40.63915,-73.76401,3.4,"JFK INTERNATIONAL AIRPORT, NY US",29.1,24,22.7,24,1013.8,24,13,24,6.3,24,11.3,24,18.1,22,37.9, ,23,*,0.08,G,3.9,101000
74486094789,12/02/1986,40.63915,-73.76401,3.4,"JFK INTERNATIONAL AIRPORT, NY US",25.3,24,10.3,24,1015,24,14.3,24,15.5,24,11.1,24,15,20,35.1, ,18, ,0.2,G,3.9,0
74486094789,13/02/1986,40.63915,-73.76401,3.4,"JFK INTERNATIONAL AIRPORT, NY US",23.6,24,6.9,24,1019.6,24,18.9,24,17.8,24,13.3,24,15.9,22,30.9, ,18, ,0,G,3.9,0
74486094789,14/02/1986,40.63915,-73.76401,3.4,"JFK INTERNATIONAL AIRPORT, NY US",23.2,24,9.2,24,1022.4,24,21.7,24,12.1,24,10.1,24,15.9,22.9,30.9, ,19, ,0,H,999.9,1000
74486094789,15/02/1986,40.63915,-73.76401,3.4,"JFK INTERNATIONAL AIRPORT, NY US",29.3,24,19.8,24,1012.2,24,11.4,24,8,24,9.4,24,15.9,21,36,*,24.1, ,0.08,G,2.8,101000
74486094789,16/02/1986,40.63915,-73.76401,3.4,"JFK INTERNATIONAL AIRPORT, NY US",26.6,24,10.4,24,1021.4,24,20.7,24,12.3,24,9.8,24,17.1,24.1,36, ,21, ,0,G,2,0
74486094789,17/02/1986,40.63915,-73.76401,3.4,"JFK INTERNATIONAL AIRPORT, NY US",32.3,24,29.3,24,1020.1,24,19.4,24,5.1,24,7.2,24,10.1,999.9,39,*,27, ,0.05,C,0.8,111000
74486094789,18/02/1986,40.63915,-73.76401,3.4,"JFK INTERNATIONAL AIRPORT, NY US",35.2,24,34.2,24,1012.6,24,11.8,24,4.3,24,6.7,24,12,999.9,39, ,33.1, ,0.56,D,0.8,110000
74486094789,19/02/1986,40.63915,-73.76401,3.4,"JFK INTERNATIONAL AIRPORT, NY US",37.3,24,33.9,24,1009,24,8.2,24,9.1,24,7.3,24,12,999.9,41,*,36, ,0.37,D,999.9,110000
74486094789,20/02/1986,40.63915,-73.76401,3.4,"JFK INTERNATIONAL AIRPORT, NY US",36.4,24,33.4,24,1016.4,24,15.7,24,7,24,8.6,24,12,999.9,42.1,*,34, ,0.28,G,999.9,110000
74486094789,21/02/1986,40.63915,-73.76401,3.4,"JFK INTERNATIONAL AIRPORT, NY US",39.9,24,37.2,24,1013.8,24,13,24,6.5,24,7.5,24,11.1,999.9,43,*,37.9, ,0,G,999.9,110000
74486094789,22/02/1986,40.63915,-73.76401,3.4,"JFK INTERNATIONAL AIRPORT, NY US",36.7,24,24.2,24,1015.5,24,14.7,24,14.3,24,13.8,24,20,28,43, ,30, ,0.2,D,999.9,10000
74486094789,23/02/1986,40.63915,-73.76401,3.4,"JFK INTERNATIONAL AIRPORT, NY US",35.7,24,24.5,24,1014.8,24,14.1,24,11.2,24,5.2,24,10.1,999.9,41, ,32, ,0,D,999.9,111000
74486094789,24/02/1986,40.63915,-73.76401,3.4,"JFK INTERNATIONAL AIRPORT, NY US",33.8,24,17.7,24,1016.4,24,15.6,23,10.2,24,8.1,24,12,999.9,37.9, ,30, ,0,D,999.9,101000
74486094789,25/02/1986,40.63915,-73.76401,3.4,"JFK INTERNATIONAL AIRPORT, NY US",32.3,24,18.7,24,1009.2,24,8.5,24,12.8,24,12,24,21,33,37.9,*,28.9, ,0.04,G,0.8,101000
74486094789,26/02/1986,40.63915,-73.76401,3.4,"JFK INTERNATIONAL AIRPORT, NY US",24.2,24,-0.6,24,1006,24,5.2,24,24.2,24,17.1,24,25.1,33,37.9, ,18, ,0,G,999.9,0
74486094789,27/02/1986,40.63915,-73.76401,3.4,"JFK INTERNATIONAL AIRPORT, NY US",29.1,24,1.2,24,1002.3,24,1.5,24,18.4,24,8.2,24,13,18.1,35.1,*,25, ,0,D,999.9,0
74486094789,28/02/1986,40.63915,-73.76401,3.4,"JFK INTERNATIONAL AIRPORT, NY US",29.4,24,7.3,24,1008.3,24,7.6,24,19.1,24,11.7,24,15,19,36, ,21.9, ,0,D,999.9,0
74486094789,01/03/1986,40.63915,-73.76401,3.4,"JFK INTERNATIONAL AIRPORT, NY US",31.6,24,11.6,24,1014.1,24,13.3,24,18,24,10.2,24,14,18.1,41,*,25, ,0,D,999.9,0
74486094789,02/03/1986,40.63915,-73.76401,3.4,"JFK INTERNATIONAL AIRPORT, NY US",33.4,24,12.7,24,1010.6,24,9.9,24,16.2,24,10.7,24,15,20,41, ,27, ,0,D,999.9,0
74486094789,03/03/1986,40.63915,-73.76401,3.4,"JFK INTERNATIONAL AIRPORT, NY US",35,24,21.6,24,1015.1,24,14.3,24,12.8,24,7.8,24,12,999.9,43,*,27, ,0,C,999.9,0
74486094789,04/03/1986,40.63915,-73.76401,3.4,"JFK INTERNATIONAL AIRPORT, NY US",37.1,24,31.3,24,1015.3,24,14.5,24,9.4,24,3.5,24,8,999.9,43, ,30, ,0,D,999.9,0
74486094789,05/03/1986,40.63915,-73.76401,3.4,"JFK INTERNATIONAL AIRPORT, NY US",41.1,24,27.2,24,1011.5,24,10.8,24,10.9,24,7.7,24,15,22,50,*,33.1, ,0,D,999.9,10000
74486094789,06/03/1986,40.63915,-73.76401,3.4,"JFK INTERNATIONAL AIRPORT, NY US",39.4,24,30,24,1007,24,6.2,24,11.2,24,9.6,24,19,27,51.1, ,30.9, ,0,D,999.9,111000
74486094789,07/03/1986,40.63915,-73.76401,3.4,"JFK INTERNATIONAL AIRPORT, NY US",33.5,24,12.9,24,1000.2,24,999.4,24,14.8,24,22.6,24,30.1,35.9,45, ,24.1,*,0,D,999.9,1000
74486094789,08/03/1986,40.63915,-73.76401,3.4,"JFK INTERNATIONAL AIRPORT, NY US",20.8,24,-7.8,24,1021.3,24,20.5,24,23,24,18.7,24,26,38.1,37, ,14, ,0,D,999.9,0
74486094789,09/03/1986,40.63915,-73.76401,3.4,"JFK INTERNATIONAL AIRPORT, NY US",33.5,24,10.5,24,1024,24,23.3,24,16.5,24,9.2,24,14,19,44.1,*,26.1, ,0,D,999.9,0
74486094789,10/03/1986,40.63915,-73.76401,3.4,"JFK INTERNATIONAL AIRPORT, NY US",42.3,24,35.1,24,1018.8,24,18,24,9.3,24,8,24,13,999.9,51.1,*,37.9, ,0,D,999.9,100000
74486094789,11/03/1986,40.63915,-73.76401,3.4,"JFK INTERNATIONAL AIRPORT, NY US",48.8,24,41.6,24,1005.8,24,5,24,10.5,24,16.6,24,28,36.9,62.1,*,41, ,0.16,G,999.9,110000
74486094789,12/03/1986,40.63915,-73.76401,3.4,"JFK INTERNATIONAL AIRPORT, NY US",38.7,24,26.5,24,1024,24,23.2,24,15.6,24,10,24,24.1,32.1,46,*,30, ,0,G,999.9,0
74486094789,13/03/1986,40.63915,-73.76401,3.4,"JFK INTERNATIONAL AIRPORT, NY US",39.3,24,37.5,24,1024.6,24,23.8,24,6,24,8.5,24,13,999.9,46.9, ,37, ,0.12,G,999.9,110000
74486094789,14/03/1986,40.63915,-73.76401,3.4,"JFK INTERNATIONAL AIRPORT, NY US",41.4,24,41,24,1014.8,24,14,24,3.3,24,5.7,24,10.1,999.9,46,*,39,*,0.67,G,999.9,110000
74486094789,15/03/1986,40.63915,-73.76401,3.4,"JFK INTERNATIONAL AIRPORT, NY US",52.7,24,45.9,24,1001.8,24,1.1,24,10.5,24,13,24,25.1,35.9,64.9,*,44.1, ,0.83,G,999.9,110000
74486094789,16/03/1986,40.63915,-73.76401,3.4,"JFK INTERNATIONAL AIRPORT, NY US",50.4,24,43,24,1012.1,24,11.3,24,9.9,24,6.7,24,15.9,999.9,64.9, ,44.1, ,0.12,G,999.9,110000
74486094789,17/03/1986,40.63915,-73.76401,3.4,"JFK INTERNATIONAL AIRPORT, NY US",45,24,33,24,1019.7,24,18.9,24,15.6,24,10,24,15,20,60.1, ,37.9, ,0,G,999.9,0
74486094789,18/03/1986,40.63915,-73.76401,3.4,"JFK INTERNATIONAL AIRPORT, NY US",43.6,24,37.7,24,1024.3,24,23.6,24,11.3,24,5.6,24,12,999.9,52, ,37, ,0,D,999.9,0
74486094789,19/03/1986,40.63915,-73.76401,3.4,"JFK INTERNATIONAL AIRPORT, NY US",47.7,24,45.7,24,1010.3,24,9.5,24,5.5,24,19.1,24,27,39,52,*,42.1, ,0.02,D,999.9,110000
74486094789,20/03/1986,40.63915,-73.76401,3.4,"JFK INTERNATIONAL AIRPORT, NY US",47.5,24,31.9,24,1009.3,24,8.5,24,15.2,24,16.1,24,21,25.1,61, ,37.9,*,0,C,999.9,100000
74486094789,21/03/1986,40.63915,-73.76401,3.4,"JFK INTERNATIONAL AIRPORT, NY US",25.4,24,1.5,24,1027.3,24,26.5,24,20.9,24,13.2,24,21,26,35.1,*,17.1, ,0,C,999.9,0
74486094789,22/03/1986,40.63915,-73.76401,3.4,"JFK INTERNATIONAL AIRPORT, NY US",31.8,24,10.2,24,1031.9,24,31.1,24,16.4,24,7.5,24,11.1,999.9,42.1,*,23, ,0,D,999.9,0
74486094789,23/03/1986,40.63915,-73.76401,3.4,"JFK INTERNATIONAL AIRPORT, NY US",37.7,24,26.1,24,1029.9,24,29.1,24,14.1,24,8.6,24,13,999.9,44.1, ,30.9, ,0,D,999.9,0
74486094789,24/03/1986,40.63915,-73.76401,3.4,"JFK INTERNATIONAL AIRPORT, NY US",44.6,24,27.9,24,1026.4,24,25.6,24,14.4,24,12.1,24,22,28.9,53.1,*,36, ,0,D,999.9,0
74486094789,25/03/1986,40.63915,-73.76401,3.4,"JFK INTERNATIONAL AIRPORT, NY US",43.6,24,30.8,24,1037.7,24,36.9,24,17.3,24,9.8,24,21,27,53.1, ,30, ,0,D,999.9,0
74486094789,26/03/1986,40.63915,-73.76401,3.4,"JFK INTERNATIONAL AIRPORT, NY US",49.2,24,45.1,24,1031.1,24,30.4,24,12.5,24,11.6,24,21,28.9,59,*,42.1, ,0,D,999.9,0
74486094789,27/03/1986,40.63915,-73.76401,3.4,"JFK INTERNATIONAL AIRPORT, NY US",51.6,24,48.2,24,1019.1,24,18.3,24,11.5,24,8.7,24,20,28.9,64,*,46, ,0,D,999.9,10000
74486094789,28/03/1986,40.63915,-73.76401,3.4,"JFK INTERNATIONAL AIRPORT, NY US",48.4,24,38.6,24,1022.8,24,22,24,12.9,24,12.1,24,18.1,26,64.9, ,42.1, ,0.16,G,999.9,0
74486094789,29/03/1986,40.63915,-73.76401,3.4,"JFK INTERNATIONAL AIRPORT, NY US",49,24,42.5,24,1023.4,24,22.6,24,12.1,24,10.8,24,17.1,24.1,61,*,42.1, ,0,G,999.9,0
74486094789,30/03/1986,40.63915,-73.76401,3.4,"JFK INTERNATIONAL AIRPORT, NY US",50.4,24,43.6,24,1019.7,24,18.9,24,14.4,24,10,24,18.1,24.1,62.1, ,43, ,0,D,999.9,0
74486094789,31/03/1986,40.63915,-73.76401,3.4,"JFK INTERNATIONAL AIRPORT, NY US",59.8,24,42.3,24,1018.3,24,17.6,24,18.1,24,9.6,24,15.9,20,73,*,48.9, ,0,D,999.9,0
74486094789,01/04/1986,40.63915,-73.76401,3.4,"JFK INTERNATIONAL AIRPORT, NY US",53.6,24,43.9,24,1023.5,24,22.7,24,19.3,24,4.9,24,12,999.9,73.9, ,42.1, ,0,D,999.9,0
74486094789,02/04/1986,40.63915,-73.76401,3.4,"JFK INTERNATIONAL AIRPORT, NY US",58.1,24,49,24,1015,24,14.3,24,9.1,24,8.3,24,14,18.1,72,*,50, ,0,D,999.9,110000
74486094789,03/04/1986,40.63915,-73.76401,3.4,"JFK INTERNATIONAL AIRPORT, NY US",53.8,24,36.1,24,1023.1,24,22.3,24,19.1,24,11.5,24,15.9,20,73, ,46, ,0,D,999.9,0
74486094789,04/04/1986,40.63915,-73.76401,3.4,"JFK INTERNATIONAL AIRPORT, NY US",47.6,24,42.8,24,1026.6,24,25.8,24,16.3,24,6.9,24,10.1,999.9,59, ,43, ,0,D,999.9,10000
74486094789,05/04/1986,40.63915,-73.76401,3.4,"JFK INTERNATIONAL AIRPORT, NY US",47.7,24,42.9,24,1027.4,24,26.6,24,10.1,24,9.6,24,15,20,54, ,44.1, ,0.08,G,999.9,110000
74486094789,06/04/1986,40.63915,-73.76401,3.4,"JFK INTERNATIONAL AIRPORT, NY US",41.7,24,40,24,1027.2,24,26.4,24,8.8,24,11.6,24,15,22,52, ,39, ,0.08,G,999.9,110000
74486094789,07/04/1986,40.63915,-73.76401,3.4,"JFK INTERNATIONAL AIRPORT, NY US",48.6,24,46.5,24,1012.9,24,12.2,24,3.6,24,7.8,24,11.1,999.9,59,*,42.1, ,0,G,999.9,110000
74486094789,08/04/1986,40.63915,-73.76401,3.4,"JFK INTERNATIONAL AIRPORT, NY US",51.6,24,47.5,24,1003.9,24,3.1,24,4.7,24,7.3,24,17.1,26,68,*,46, ,0.08,D,999.9,110000
74486094789,09/04/1986,40.63915,-73.76401,3.4,"JFK INTERNATIONAL AIRPORT, NY US",52.3,24,30.3,24,998.5,24,997.7,24,17.9,24,12.2,24,20,26,68, ,45, ,0,D,999.9,0
74486094789,10/04/1986,40.63915,-73.76401,3.4,"JFK INTERNATIONAL AIRPORT, NY US",45.7,24,27.3,24,997.8,24,997,24,19.3,24,15.6,24,20,24.1,57, ,41, ,0,H,999.9,10000
74486094789,11/04/1986,40.63915,-73.76401,3.4,"JFK INTERNATIONAL AIRPORT, NY US",41.4,24,29.8,24,1000.8,24,0,24,15,24,12.5,24,20,27,51.1, ,37.9, ,0,D,999.9,11000
74486094789,12/04/1986,40.63915,-73.76401,3.4,"JFK INTERNATIONAL AIRPORT, NY US",46,24,28.6,24,1006.2,24,5.3,24,16.8,24,12.7,24,15.9,22.9,54,*,41, ,0.01,D,999.9,10000
74486094789,13/04/1986,40.63915,-73.76401,3.4,"JFK INTERNATIONAL AIRPORT, NY US",46,24,27.5,24,1015.6,24,14.9,24,18.4,24,9.7,24,15,20,54, ,39, ,0,C,999.9,0
74486094789,14/04/1986,40.63915,-73.76401,3.4,"JFK INTERNATIONAL AIRPORT, NY US",48.7,24,37.1,24,1019.6,24,18.8,24,11.8,24,8,24,10.1,999.9,59,*,36, ,0,C,999.9,100000
74486094789,15/04/1986,40.63915,-73.76401,3.4,"JFK INTERNATIONAL AIRPORT, NY US",49.9,24,36.7,24,1018.2,24,17.5,24,13.5,24,5.8,24,11.1,999.9,60.1, ,39.9, ,0,D,999.9,10000
74486094789,16/04/1986,40.63915,-73.76401,3.4,"JFK INTERNATIONAL AIRPORT, NY US",48,24,43.2,24,1012.7,24,11.9,24,7.3,24,14.5,24,24.1,33,60.1, ,45,*,0.2,G,999.9,110000
74486094789,17/04/1986,40.63915,-73.76401,3.4,"JFK INTERNATIONAL AIRPORT, NY US",46,24,41.8,24,1010,24,9.2,24,7.7,24,17.4,24,22,29.9,50, ,44.1, ,2.32,G,999.9,110000
74486094789,18/04/1986,40.63915,-73.76401,3.4,"JFK INTERNATIONAL AIRPORT, NY US",54,24,39.8,24,1017.4,24,16.6,24,14.7,24,16.2,24,24.1,32.1,63,*,48, ,0.35,G,999.9,10000
74486094789,19/04/1986,40.63915,-73.76401,3.4,"JFK INTERNATIONAL AIRPORT, NY US",54.4,24,29.3,24,1023.2,24,22.4,24,20.1,24,10.9,24,15,21,68,*,44.1, ,0,G,999.9,0
74486094789,20/04/1986,40.63915,-73.76401,3.4,"JFK INTERNATIONAL AIRPORT, NY US",50.4,24,30.2,24,1016.9,24,16.1,24,16.1,24,7.2,24,15,20,69.1, ,45, ,0,D,999.9,0
74486094789,21/04/1986,40.63915,-73.76401,3.4,"JFK INTERNATIONAL AIRPORT, NY US",51.5,24,47.6,24,1005,24,4.1,24,8.1,24,10.9,24,17.1,20,57, ,48.9, ,0.04,G,999.9,110000
74486094789,22/04/1986,40.63915,-73.76401,3.4,"JFK INTERNATIONAL AIRPORT, NY US",53.5,24,46.3,24,1004.8,24,4,24,10.3,24,6.2,24,13,999.9,62.1,*,43, ,0.28,G,999.9,110000
74486094789,23/04/1986,40.63915,-73.76401,3.4,"JFK INTERNATIONAL AIRPORT, NY US",39.6,24,37,24,1009.6,24,8.7,24,6.5,24,15.9,24,20,26,63, ,34, ,0.31,G,999.9,111000
74486094789,24/04/1986,40.63915,-73.76401,3.4,"JFK INTERNATIONAL AIRPORT, NY US",51.6,24,30.1,24,1015.4,24,14.6,24,18.6,24,14.3,24,20,28.9,66.9,*,34, ,0.24,G,999.9,110000
74486094789,25/04/1986,40.63915,-73.76401,3.4,"JFK INTERNATIONAL AIRPORT, NY US",61.1,24,35.5,24,1012.4,24,11.6,24,22.6,24,14.7,24,20,28,71.1,*,54, ,0,G,999.9,0
74486094789,26/04/1986,40.63915,-73.76401,3.4,"JFK INTERNATIONAL AIRPORT, NY US",57.1,24,49.7,24,1014.6,24,13.9,24,13.9,24,4.1,24,8,999.9,68, ,51.1, ,0.08,C,999.9,110000
74486094789,27/04/1986,40.63915,-73.76401,3.4,"JFK INTERNATIONAL AIRPORT, NY US",57.4,24,52.7,24,1016.6,24,15.8,24,9,24,5.4,24,10.1,999.9,68,*,52, ,0.03,D,999.9,110000
74486094789,28/04/1986,40.63915,-73.76401,3.4,"JFK INTERNATIONAL AIRPORT, NY US",60.1,24,53.3,24,1017,24,16.2,24,10.1,24,6.2,24,13,18.1,72,*,51.1, ,0,D,999.9,100000
74486094789,29/04/1986,40.63915,-73.76401,3.4,"JFK INTERNATIONAL AIRPORT, NY US",51.2,24,49.9,24,1014.6,24,13.8,24,3.4,24,5.6,24,10.1,999.9,55,*,48, ,0,D,999.9,110000
74486094789,30/04/1986,40.63915,-73.76401,3.4,"JFK INTERNATIONAL AIRPORT, NY US",62.1,24,48.4,24,1015.6,24,14.8,24,12.3,24,8.4,24,15.9,21,73.9,*,52, ,0,D,999.9,110000
74486094789,01/05/1986,40.63915,-73.76401,3.4,"JFK INTERNATIONAL AIRPORT, NY US",56.8,24,50.2,24,1011.5,24,10.8,24,7.5,24,8.4,24,20,28,75, ,48, ,0,D,999.9,100000
74486094789,02/05/1986,40.63915,-73.76401,3.4,"JFK INTERNATIONAL AIRPORT, NY US",57.4,24,38.5,24,1008.3,24,7.5,24,18.4,24,14.2,24,21,28.9,69.1, ,52,*,0.01,G,999.9,10000
74486094789,03/05/1986,40.63915,-73.76401,3.4,"JFK INTERNATIONAL AIRPORT, NY US",49.4,24,21.2,24,1016.3,24,15.6,24,20.3,24,16.2,24,22,31.1,62.1, ,43, ,0,G,999.9,0
74486094789,04/05/1986,40.63915,-73.76401,3.4,"JFK INTERNATIONAL AIRPORT, NY US",51.1,24,22.4,24,1020,24,19.2,24,21.3,24,14.6,24,20,26,63,*,43, ,0,D,999.9,0
74486094789,05/05/1986,40.63915,-73.76401,3.4,"JFK INTERNATIONAL AIRPORT, NY US",62.2,24,43.3,24,1014.5,24,13.7,24,13.5,24,10.7,24,15.9,25.1,79,*,51.1, ,0,D,999.9,0
74486094789,06/05/1986,40.63915,-73.76401,3.4,"JFK INTERNATIONAL AIRPORT, NY US",70.5,24,52.9,24,1011.3,24,10.6,24,10.5,24,9,24,21,27,88,*,59, ,0,D,999.9,10
74486094789,07/05/1986,40.63915,-73.76401,3.4,"JFK INTERNATIONAL AIRPORT, NY US",58.1,24,55,24,1010.4,24,9.6,24,5,24,7.2,24,22,28.9,66,*,53.1, ,0.28,G,999.9,110010
74486094789,08/05/1986,40.63915,-73.76401,3.4,"JFK INTERNATIONAL AIRPORT, NY US",57.6,24,49.6,24,1010.8,24,10,24,9.4,24,8.2,24,15.9,21,69.1,*,50, ,0,G,999.9,10000
74486094789,09/05/1986,40.63915,-73.76401,3.4,"JFK INTERNATIONAL AIRPORT, NY US",50.7,24,39.2,24,1022.2,24,21.5,24,15.2,24,13,24,18.1,24.1,71.1, ,44.1, ,0,D,999.9,0
74486094789,10/05/1986,40.63915,-73.76401,3.4,"JFK INTERNATIONAL AIRPORT, NY US",54.8,24,36.6,24,1023,24,22.3,24,14.6,24,8.9,24,13,18.1,71.1,*,44.1, ,0,D,999.9,0
74486094789,11/05/1986,40.63915,-73.76401,3.4,"JFK INTERNATIONAL AIRPORT, NY US",53.3,24,39.5,24,1017.1,24,16.4,24,17.4,24,6.7,24,12,20,71.1, ,44.1, ,0,D,999.9,0
74486094789,12/05/1986,40.63915,-73.76401,3.4,"JFK INTERNATIONAL AIRPORT, NY US",55,24,39.8,24,1017,24,16.2,24,16.8,24,8.9,24,20,26,69.1,*,44.1, ,0,C,999.9,0
74486094789,13/05/1986,40.63915,-73.76401,3.4,"JFK INTERNATIONAL AIRPORT, NY US",57.3,24,44.7,24,1019.4,24,18.7,24,17.8,24,7.5,24,12,999.9,71.1, ,51.1, ,0,D,999.9,0
74486094789,14/05/1986,40.63915,-73.76401,3.4,"JFK INTERNATIONAL AIRPORT, NY US",55.3,24,43.6,24,1024.1,24,23.4,24,15.7,24,7.6,24,15,999.9,64, ,46, ,0,D,999.9,0
74486094789,15/05/1986,40.63915,-73.76401,3.4,"JFK INTERNATIONAL AIRPORT, NY US",55.2,24,51,24,1026.4,24,25.6,24,11.1,24,7.1,24,10.1,999.9,64.9, ,51.1, ,0,D,999.9,10000
74486094789,16/05/1986,40.63915,-73.76401,3.4,"JFK INTERNATIONAL AIRPORT, NY US",58.9,24,54.2,24,1022.5,24,21.7,24,10.7,24,8.5,24,18.1,22,66,*,55, ,0,D,999.9,0
74486094789,17/05/1986,40.63915,-73.76401,3.4,"JFK INTERNATIONAL AIRPORT, NY US",64.9,24,61.1,24,1014.8,24,14,24,6,24,8.4,24,20,22.9,75,*,57, ,0.01,G,999.9,110010
74486094789,18/05/1986,40.63915,-73.76401,3.4,"JFK INTERNATIONAL AIRPORT, NY US",67.9,24,61.9,24,1013.9,24,13.2,24,6.4,24,5.5,24,14,20,78.1,*,59, ,0,G,999.9,100000
74486094789,19/05/1986,40.63915,-73.76401,3.4,"JFK INTERNATIONAL AIRPORT, NY US",66,24,61.8,24,1014.3,24,13.6,24,9.2,24,11.2,24,22,28,79, ,60.1, ,0,D,999.9,0
74486094789,20/05/1986,40.63915,-73.76401,3.4,"JFK INTERNATIONAL AIRPORT, NY US",62,24,60.7,24,1015.9,24,15.1,24,7.1,24,13.9,24,20,33,73.9, ,59, ,0.04,D,999.9,110000
74486094789,21/05/1986,40.63915,-73.76401,3.4,"JFK INTERNATIONAL AIRPORT, NY US",62.7,24,61.3,24,1013.9,24,13.1,24,7.8,24,11.7,24,15,21,68, ,61, ,0.18,D,999.9,110000
74486094789,22/05/1986,40.63915,-73.76401,3.4,"JFK INTERNATIONAL AIRPORT, NY US",63.1,24,61.1,24,1010.9,24,10.2,24,6.6,24,7.4,24,12,999.9,71.1,*,59, ,0.59,G,999.9,110000
74486094789,23/05/1986,40.63915,-73.76401,3.4,"JFK INTERNATIONAL AIRPORT, NY US",64,24,56.5,24,1011.5,24,10.7,24,5.6,24,7.6,24,14,20,75,*,55.9, ,0.04,G,999.9,100000
74486094789,24/05/1986,40.63915,-73.76401,3.4,"JFK INTERNATIONAL AIRPORT, NY US",67,24,53,24,1014.4,24,13.7,24,9.9,24,9.7,24,14,20,75.9,*,59, ,0,G,999.9,0
74486094789,25/05/1986,40.63915,-73.76401,3.4,"JFK INTERNATIONAL AIRPORT, NY US",67.6,24,52.4,24,1015.7,24,14.9,24,14.8,24,11.2,24,14,19,77, ,62.1, ,0,B,999.9,0
74486094789,26/05/1986,40.63915,-73.76401,3.4,"JFK INTERNATIONAL AIRPORT, NY US",62.7,24,56.1,24,1020.6,24,19.8,24,11.9,24,8.7,24,13,999.9,77, ,57, ,0,C,999.9,0
74486094789,27/05/1986,40.63915,-73.76401,3.4,"JFK INTERNATIONAL AIRPORT, NY US",65.3,24,56.8,24,1019.9,24,19.1,24,7.7,24,9.4,24,15.9,999.9,81,*,55.9, ,0,D,999.9,100000
74486094789,28/05/1986,40.63915,-73.76401,3.4,"JFK INTERNATIONAL AIRPORT, NY US",74.6,24,58.7,24,1013.5,24,12.8,24,9.2,24,12.6,24,18.1,26,88,*,64.9, ,0,D,999.9,0
74486094789,29/05/1986,40.63915,-73.76401,3.4,"JFK INTERNATIONAL AIRPORT, NY US",76.1,24,52.4,24,1012.6,24,11.9,24,13.8,24,10,24,17.1,22,89.1, ,66, ,0,D,999.9,0
74486094789,30/05/1986,40.63915,-73.76401,3.4,"JFK INTERNATIONAL AIRPORT, NY US",76.4,24,61.6,24,1008.7,24,8,24,11.9,24,9,24,15,999.9,90,*,66.9, ,0,D,999.9,0
74486094789,31/05/1986,40.63915,-73.76401,3.4,"JFK INTERNATIONAL AIRPORT, NY US",78.3,24,64.3,24,1006.4,24,5.6,24,9.1,24,8.5,24,12,19,90, ,69.1, ,0,D,999.9,10010
74486094789,01/06/1986,40.63915,-73.76401,3.4,"JFK INTERNATIONAL AIRPORT, NY US",73.8,24,67.2,24,1006.9,24,6.1,24,4.2,24,7.1,24,17.1,19,91, ,66, ,0.01,D,999.9,100000
74486094789,02/06/1986,40.63915,-73.76401,3.4,"JFK INTERNATIONAL AIRPORT, NY US",70.6,24,57.5,24,1008,24,7.3,24,11.7,24,12.8,24,22.9,26,84, ,63,*,0,C,999.9,0
74486094789,03/06/1986,40.63915,-73.76401,3.4,"JFK INTERNATIONAL AIRPORT, NY US",57.6,24,33.6,24,1024.1,24,23.4,24,22.6,24,11.5,24,15.9,22.9,77, ,48, ,0,D,999.9,0
74486094789,04/06/1986,40.63915,-73.76401,3.4,"JFK INTERNATIONAL AIRPORT, NY US",61.2,24,49,24,1023.3,24,22.5,24,16.6,24,12.5,24,21,29.9,68,*,54, ,0,D,999.9,0
74486094789,05/06/1986,40.63915,-73.76401,3.4,"JFK INTERNATIONAL AIRPORT, NY US",66.9,24,59.4,24,1017.5,24,16.7,24,9.8,24,12.8,24,22.9,29.9,73.9,*,62.1, ,0,D,999.9,0
74486094789,06/06/1986,40.63915,-73.76401,3.4,"JFK INTERNATIONAL AIRPORT, NY US",66,24,62.9,24,1015.8,24,15.1,24,7.9,24,7.6,24,20,28,73.9, ,61, ,0.12,G,999.9,110000
74486094789,07/06/1986,40.63915,-73.76401,3.4,"JFK INTERNATIONAL AIRPORT, NY US",64.5,24,63.6,24,1014.3,24,13.5,24,2.3,24,7.7,24,11.1,999.9,73.9, ,62.1, ,0.04,G,999.9,110000
74486094789,08/06/1986,40.63915,-73.76401,3.4,"JFK INTERNATIONAL AIRPORT, NY US",69.8,24,66.6,24,1007.2,24,6.4,24,3.4,24,4.6,24,12,999.9,82,*,64, ,0.28,G,999.9,100000
74486094789,09/06/1986,40.63915,-73.76401,3.4,"JFK INTERNATIONAL AIRPORT, NY US",74.9,24,50.4,24,1013.4,24,12.7,24,15.9,24,11.7,24,18.1,22,82, ,66, ,0,G,999.9,0
74486094789,10/06/1986,40.63915,-73.76401,3.4,"JFK INTERNATIONAL AIRPORT, NY US",69.8,24,47.5,24,1021.4,24,20.6,24,20.9,24,10,24,15,21,82, ,57.9, ,0,D,999.9,0
74486094789,11/06/1986,40.63915,-73.76401,3.4,"JFK INTERNATIONAL AIRPORT, NY US",74.3,24,62.8,24,1011.9,24,11.2,24,12,24,11.4,24,17.1,20,91,*,66.9, ,0,D,999.9,10000
74486094789,12/06/1986,40.63915,-73.76401,3.4,"JFK INTERNATIONAL AIRPORT, NY US",64.9,24,61.3,24,1011.5,24,10.7,24,6.3,24,11.2,24,15,24.1,91, ,57.9, ,0.63,G,999.9,110010
74486094789,13/06/1986,40.63915,-73.76401,3.4,"JFK INTERNATIONAL AIRPORT, NY US",62.5,24,56.8,24,1013.6,24,12.8,24,7.2,24,9.4,24,14,19,75.9,*,55.9, ,0.31,G,999.9,110000
74486094789,14/06/1986,40.63915,-73.76401,3.4,"JFK INTERNATIONAL AIRPORT, NY US",72.7,24,57.2,24,1018.1,24,17.3,24,12.2,24,9.2,24,15,21,82.9,*,64, ,0,G,999.9,0
74486094789,15/06/1986,40.63915,-73.76401,3.4,"JFK INTERNATIONAL AIRPORT, NY US",72.9,24,64.4,24,1018.2,24,17.4,24,6.4,24,9.4,24,17.1,22,84, ,66, ,0,D,999.9,0
74486094789,16/06/1986,40.63915,-73.76401,3.4,"JFK INTERNATIONAL AIRPORT, NY US",71.5,24,67.1,24,1015.5,23,14.6,24,3.7,24,10,24,15.9,22,82.9, ,66, ,0,D,999.9,100000
74486094789,17/06/1986,40.63915,-73.76401,3.4,"JFK INTERNATIONAL AIRPORT, NY US",72.2,24,51.3,24,1010.5,24,9.8,24,15.9,24,15.8,24,21,33,79, ,66, ,0.01,D,999.9,0
74486094789,18/06/1986,40.63915,-73.76401,3.4,"JFK INTERNATIONAL AIRPORT, NY US",66,24,36.6,24,1017,24,16.2,24,24.9,24,11.9,24,17.1,27,79, ,57, ,0,D,999.9,0
74486094789,19/06/1986,40.63915,-73.76401,3.4,"JFK INTERNATIONAL AIRPORT, NY US",69.2,24,45.1,24,1017.1,24,16.4,24,17.8,24,10.2,24,17.1,20,77,*,61, ,0,D,999.9,0
74486094789,20/06/1986,40.63915,-73.76401,3.4,"JFK INTERNATIONAL AIRPORT, NY US",70.5,24,58.4,24,1013.2,24,12.5,24,10.9,24,11,24,19,27,80.1,*,63, ,0.12,G,999.9,110000
74486094789,21/06/1986,40.63915,-73.76401,3.4,"JFK INTERNATIONAL AIRPORT, NY US",68.5,24,46.5,24,1020.5,24,19.7,24,19.5,24,9.7,24,13,15,82, ,61, ,0,G,999.9,0
74486094789,22/06/1986,40.63915,-73.76401,3.4,"JFK INTERNATIONAL AIRPORT, NY US",67.7,24,48.8,24,1019.9,24,19.2,24,17,24,9.3,24,17.1,21,79, ,60.1, ,0,D,999.9,0
74486094789,23/06/1986,40.63915,-73.76401,3.4,"JFK INTERNATIONAL AIRPORT, NY US",75.5,24,59.6,24,1010.2,24,9.4,24,11.3,24,11.8,24,17.1,21,91.9,*,66.9, ,0,D,999.9,10000
74486094789,24/06/1986,40.63915,-73.76401,3.4,"JFK INTERNATIONAL AIRPORT, NY US",75.5,24,57.7,24,1009.3,24,8.5,24,13.4,24,10.1,24,25.1,33,91.9, ,66, ,0,D,999.9,0
74486094789,25/06/1986,40.63915,-73.76401,3.4,"JFK INTERNATIONAL AIRPORT, NY US",68,24,40.5,24,1015.2,24,14.5,24,18.4,24,16.6,24,22,31.1,86, ,59, ,0,D,999.9,0
74486094789,26/06/1986,40.63915,-73.76401,3.4,"JFK INTERNATIONAL AIRPORT, NY US",66.5,24,39.1,24,1022.2,24,21.4,24,17.6,24,10.5,24,18.1,25.1,75, ,54, ,0,C,999.9,0
74486094789,27/06/1986,40.63915,-73.76401,3.4,"JFK INTERNATIONAL AIRPORT, NY US",69.9,24,61.9,24,1018.7,24,17.9,24,10.6,24,10.8,24,21,25.1,75,*,64, ,0,D,999.9,0
74486094789,28/06/1986,40.63915,-73.76401,3.4,"JFK INTERNATIONAL AIRPORT, NY US",75.1,24,67.4,24,1010.3,24,9.5,24,5.3,24,9.2,24,15,999.9,82,*,68, ,0.04,D,999.9,110000
74486094789,29/06/1986,40.63915,-73.76401,3.4,"JFK INTERNATIONAL AIRPORT, NY US",79.3,24,61.9,24,1007.3,24,6.5,24,9.5,24,10.8,24,18.1,28.9,89.1,*,70, ,0,D,999.9,0
74486094789,30/06/1986,40.63915,-73.76401,3.4,"JFK INTERNATIONAL AIRPORT, NY US",73.5,24,49.7,24,1010.3,24,9.5,24,20,24,11.4,24,21,29.9,90, ,60.1, ,0.04,G,999.9,10000
74486094789,01/07/1986,40.63915,-73.76401,3.4,"JFK INTERNATIONAL AIRPORT, NY US",70.8,24,49,24,1017.3,24,16.5,24,20.3,24,10.6,24,15,20,81, ,60.1, ,0,G,999.9,0
74486094789,02/07/1986,40.63915,-73.76401,3.4,"JFK INTERNATIONAL AIRPORT, NY US",69.9,24,64.7,24,1007.5,24,6.7,24,9.4,24,10.8,24,14,18.1,79, ,66, ,0.94,G,999.9,110000
74486094789,03/07/1986,40.63915,-73.76401,3.4,"JFK INTERNATIONAL AIRPORT, NY US",71.8,24,55.6,24,1007.9,24,7.1,24,11.7,24,9.6,24,19,22.9,80.1,*,62.1, ,0,G,999.9,0
74486094789,04/07/1986,40.63915,-73.76401,3.4,"JFK INTERNATIONAL AIRPORT, NY US",67.4,24,45.8,24,1019.6,24,18.8,24,19.3,24,11.3,24,20,24.1,81, ,59, ,0,D,999.9,0
74486094789,05/07/1986,40.63915,-73.76401,3.4,"JFK INTERNATIONAL AIRPORT, NY US",75.2,24,62.3,24,1019.5,24,18.6,24,11.8,24,11.6,24,18.1,20,88,*,66, ,0,D,999.9,0
74486094789,06/07/1986,40.63915,-73.76401,3.4,"JFK INTERNATIONAL AIRPORT, NY US",81.3,24,66.1,24,1020.2,24,19.4,24,7.7,24,8.8,24,12,999.9,91.9,*,72, ,0,D,999.9,0
74486094789,07/07/1986,40.63915,-73.76401,3.4,"JFK INTERNATIONAL AIRPORT, NY US",82.6,24,68.4,24,1018.4,24,17.7,24,5,24,7.4,24,14,20,98.1,*,71.1, ,0,C,999.9,100000
74486094789,08/07/1986,40.63915,-73.76401,3.4,"JFK INTERNATIONAL AIRPORT, NY US",86.1,24,59.9,24,1015.5,24,14.8,24,12.6,24,12.2,24,22.9,999.9,99, ,78.1, ,0,D,999.9,0
74486094789,09/07/1986,40.63915,-73.76401,3.4,"JFK INTERNATIONAL AIRPORT, NY US",80.3,24,64.7,24,1008.7,24,7.9,24,11.6,24,9.6,24,13,999.9,93, ,75.9, ,0.01,D,999.9,10000
74486094789,10/07/1986,40.63915,-73.76401,3.4,"JFK INTERNATIONAL AIRPORT, NY US",77.6,24,53.2,24,1010.3,24,9.5,24,18.7,24,12,24,17.1,28.9,84,*,70, ,0,D,999.9,0
74486094789,11/07/1986,40.63915,-73.76401,3.4,"JFK INTERNATIONAL AIRPORT, NY US",71,24,48.4,24,1015,24,14.2,24,17.2,24,8.6,24,14,22,84.9, ,64.9, ,0,D,999.9,10000
74486094789,12/07/1986,40.63915,-73.76401,3.4,"JFK INTERNATIONAL AIRPORT, NY US",68,24,61.4,24,1013.5,24,12.8,24,10.2,24,6.4,24,10.1,999.9,73, ,64.9,*,0.04,G,999.9,110000
74486094789,13/07/1986,40.63915,-73.76401,3.4,"JFK INTERNATIONAL AIRPORT, NY US",66.5,24,64.2,24,1013.9,24,13.1,24,4,24,7.5,24,11.1,999.9,70, ,64, ,0,G,999.9,110000
74486094789,14/07/1986,40.63915,-73.76401,3.4,"JFK INTERNATIONAL AIRPORT, NY US",73.8,24,62.8,24,1012.5,24,11.7,24,7.1,24,10.8,24,20,27,88,*,64, ,0.35,D,999.9,110010
74486094789,15/07/1986,40.63915,-73.76401,3.4,"JFK INTERNATIONAL AIRPORT, NY US",75.8,24,56.8,24,1016.7,24,15.9,24,17.8,24,10.6,24,15.9,26,88, ,66.9, ,0,D,999.9,0
74486094789,16/07/1986,40.63915,-73.76401,3.4,"JFK INTERNATIONAL AIRPORT, NY US",75.1,24,59.8,24,1019.5,24,18.7,24,13,24,5.5,24,8.9,999.9,87.1, ,66.9, ,0,D,999.9,10000
74486094789,17/07/1986,40.63915,-73.76401,3.4,"JFK INTERNATIONAL AIRPORT, NY US",73.9,24,64.6,24,1019,24,18.3,24,8.7,24,5.8,24,12,999.9,80.1, ,70, ,0,D,999.9,100000
74486094789,18/07/1986,40.63915,-73.76401,3.4,"JFK INTERNATIONAL AIRPORT, NY US",75.5,24,69.3,24,1014.8,24,14,24,6.1,24,6.1,24,11.1,999.9,82.9,*,71.1, ,0.04,G,999.9,110000
74486094789,19/07/1986,40.63915,-73.76401,3.4,"JFK INTERNATIONAL AIRPORT, NY US",75.9,24,69.7,24,1013.5,24,12.8,24,5.1,24,6.4,24,12,999.9,84, ,71.1, ,0.24,G,999.9,110000
74486094789,20/07/1986,40.63915,-73.76401,3.4,"JFK INTERNATIONAL AIRPORT, NY US",72.7,24,66.6,24,1012.9,24,12.2,24,11.7,24,8.7,24,17.1,999.9,82, ,68, ,0,G,999.9,0
74486094789,21/07/1986,40.63915,-73.76401,3.4,"JFK INTERNATIONAL AIRPORT, NY US",78.1,24,70.6,24,1011.3,24,10.6,24,7.9,24,8.3,24,14,999.9,86,*,73.9, ,0,D,999.9,110000
74486094789,22/07/1986,40.63915,-73.76401,3.4,"JFK INTERNATIONAL AIRPORT, NY US",76.7,24,64.2,24,1020,24,19.2,24,13.3,24,8.7,24,12,999.9,88, ,71.1, ,0,D,999.9,0
74486094789,23/07/1986,40.63915,-73.76401,3.4,"JFK INTERNATIONAL AIRPORT, NY US",75.1,24,68.2,24,1023.2,24,22.4,24,10.2,24,5.3,24,12,999.9,82.9,*,69.1, ,0,D,999.9,0
74486094789,24/07/1986,40.63915,-73.76401,3.4,"JFK INTERNATIONAL AIRPORT, NY US",76.7,24,68.4,24,1023.8,24,23,24,11,24,7.7,24,14,19,82.9, ,70, ,0,D,999.9,0
74486094789,25/07/1986,40.63915,-73.76401,3.4,"JFK INTERNATIONAL AIRPORT, NY US",76.8,24,70.1,24,1021,24,20.2,24,10.5,24,10.9,24,17.1,20,82, ,72, ,0,C,999.9,0
74486094789,26/07/1986,40.63915,-73.76401,3.4,"JFK INTERNATIONAL AIRPORT, NY US",77.6,24,73.5,24,1016.6,24,15.8,24,8.5,24,11.4,24,19,22.9,84,*,73,*,0,D,999.9,110010
74486094789,27/07/1986,40.63915,-73.76401,3.4,"JFK INTERNATIONAL AIRPORT, NY US",75.7,24,70.3,24,1012.6,24,11.9,24,7.4,24,8.6,24,22,28,84, ,71.1, ,1.69,G,999.9,110010
74486094789,28/07/1986,40.63915,-73.76401,3.4,"JFK INTERNATIONAL AIRPORT, NY US",76.7,24,72.2,24,1010.8,24,10,24,6.9,24,6.6,24,10.1,999.9,81, ,73, ,0,G,999.9,100000
74486094789,29/07/1986,40.63915,-73.76401,3.4,"JFK INTERNATIONAL AIRPORT, NY US",77.4,24,72.6,24,1009.3,24,8.5,24,4,24,6.1,24,14,20,84,*,73, ,0,D,999.9,110000
74486094789,30/07/1986,40.63915,-73.76401,3.4,"JFK INTERNATIONAL AIRPORT, NY US",74.1,24,68.3,24,1008.4,24,7.7,24,4.7,24,5.8,24,13,20,84.9, ,69.1, ,0.08,D,999.9,110010
74486094789,31/07/1986,40.63915,-73.76401,3.4,"JFK INTERNATIONAL AIRPORT, NY US",66.9,24,63.8,24,1011.8,24,11.1,24,5.6,24,8.7,24,15,22,82, ,64, ,0.16,G,999.9,110000
74486094789,01/08/1986,40.63915,-73.76401,3.4,"JFK INTERNATIONAL AIRPORT, NY US",71.4,24,65.2,24,1014.4,24,13.7,24,6.4,24,6,24,14,999.9,77,*,66.9, ,0,G,999.9,100000
74486094789,02/08/1986,40.63915,-73.76401,3.4,"JFK INTERNATIONAL AIRPORT, NY US",74.5,24,68.5,24,1015.3,24,14.4,24,7.5,24,8.6,24,14,18.1,82,*,68, ,0,D,999.9,110010
74486094789,03/08/1986,40.63915,-73.76401,3.4,"JFK INTERNATIONAL AIRPORT, NY US",76.6,24,70.4,24,1014.5,24,13.7,24,5.2,24,6.4,24,15.9,21,86,*,70, ,0.94,D,999.9,110010
74486094789,04/08/1986,40.63915,-73.76401,3.4,"JFK INTERNATIONAL AIRPORT, NY US",77.6,24,65.1,24,1018.7,24,18,24,8.6,24,7.9,24,12,999.9,86, ,71.1, ,0,D,999.9,0
74486094789,05/08/1986,40.63915,-73.76401,3.4,"JFK INTERNATIONAL AIRPORT, NY US",76.2,24,63.6,24,1021.1,24,20.4,24,13.6,24,7.6,24,11.1,999.9,84, ,66.9, ,0,D,999.9,0
74486094789,06/08/1986,40.63915,-73.76401,3.4,"JFK INTERNATIONAL AIRPORT, NY US",76.5,24,69,24,1020.3,24,19.5,24,9.9,24,9.5,24,15.9,22,82, ,72, ,0,D,999.9,10000
74486094789,07/08/1986,40.63915,-73.76401,3.4,"JFK INTERNATIONAL AIRPORT, NY US",76.5,24,71.1,24,1017,24,16.3,24,8.7,24,11.1,24,14,20,82, ,73.9,*,0.04,C,999.9,110010
74486094789,08/08/1986,40.63915,-73.76401,3.4,"JFK INTERNATIONAL AIRPORT, NY US",77.3,24,72.7,24,1010.6,24,9.9,24,5.1,24,8.1,24,14,999.9,82.9,*,73, ,0.12,G,999.9,100000
74486094789,09/08/1986,40.63915,-73.76401,3.4,"JFK INTERNATIONAL AIRPORT, NY US",80.4,24,65.8,24,1010.2,24,9.5,24,7.6,24,12.3,24,19,24.1,88,*,73, ,0,G,999.9,0
74486094789,10/08/1986,40.63915,-73.76401,3.4,"JFK INTERNATIONAL AIRPORT, NY US",78.7,24,63.2,24,1015.1,24,14.3,24,12.3,24,7.9,24,15,999.9,88, ,72, ,0,D,999.9,0
74486094789,11/08/1986,40.63915,-73.76401,3.4,"JFK INTERNATIONAL AIRPORT, NY US",78.6,24,67.6,24,1012.2,24,11.4,24,8.6,24,11.4,24,15,35.9,84,*,73, ,0.35,B,999.9,110010
74486094789,12/08/1986,40.63915,-73.76401,3.4,"JFK INTERNATIONAL AIRPORT, NY US",73.2,24,53.3,24,1020.8,24,20,24,16.9,24,7.9,24,11.1,999.9,86, ,66, ,0,C,999.9,0
74486094789,13/08/1986,40.63915,-73.76401,3.4,"JFK INTERNATIONAL AIRPORT, NY US",70.5,24,55.3,24,1024.2,24,23.3,24,18,24,7,24,11.1,999.9,78.1,*,63, ,0,C,999.9,0
74486094789,14/08/1986,40.63915,-73.76401,3.4,"JFK INTERNATIONAL AIRPORT, NY US",70,24,57.5,24,1021.7,24,21,24,13.8,24,7.4,24,14,999.9,79, ,60.1, ,0,D,999.9,0
74486094789,15/08/1986,40.63915,-73.76401,3.4,"JFK INTERNATIONAL AIRPORT, NY US",71.2,24,62.6,24,1018.7,24,17.9,24,11,24,6.5,24,14,999.9,81, ,64, ,0,D,999.9,0
74486094789,16/08/1986,40.63915,-73.76401,3.4,"JFK INTERNATIONAL AIRPORT, NY US",74.6,24,69.6,24,1014.6,24,13.9,24,9.7,24,9.5,24,12,17.1,80.1,*,71.1, ,0.04,D,999.9,10000
74486094789,17/08/1986,40.63915,-73.76401,3.4,"JFK INTERNATIONAL AIRPORT, NY US",77.4,24,73.6,24,1014.3,24,13.5,24,6.6,24,6.6,24,10.1,999.9,84,*,75, ,0,D,999.9,110000
74486094789,18/08/1986,40.63915,-73.76401,3.4,"JFK INTERNATIONAL AIRPORT, NY US",74.5,24,69.2,24,1012.3,24,11.5,24,9.8,24,12.1,24,22,31.1,84, ,71.1, ,0.24,G,999.9,110000
74486094789,19/08/1986,40.63915,-73.76401,3.4,"JFK INTERNATIONAL AIRPORT, NY US",75.2,24,66.6,24,1015.8,24,15.1,24,9.8,24,9.2,24,12,999.9,81,*,71.1, ,0.01,G,999.9,100000
74486094789,20/08/1986,40.63915,-73.76401,3.4,"JFK INTERNATIONAL AIRPORT, NY US",72.5,24,64.9,24,1022.7,24,21.9,24,12,24,8.4,24,13,999.9,84.9, ,68, ,0,G,999.9,0
74486094789,21/08/1986,40.63915,-73.76401,3.4,"JFK INTERNATIONAL AIRPORT, NY US",66.6,24,63.6,24,1023.4,24,22.7,24,10.5,24,9.7,24,14,18.1,78.1, ,63,*,0.04,G,999.9,110000
74486094789,22/08/1986,40.63915,-73.76401,3.4,"JFK INTERNATIONAL AIRPORT, NY US",70.2,24,61.6,24,1020.4,24,19.6,24,9.8,24,10,24,15,999.9,81,*,63, ,1.1,G,999.9,110000
74486094789,23/08/1986,40.63915,-73.76401,3.4,"JFK INTERNATIONAL AIRPORT, NY US",71.4,24,61.3,24,1018.9,24,18.1,24,11.4,24,9.2,24,18.1,999.9,82, ,63, ,0,G,999.9,0
74486094789,24/08/1986,40.63915,-73.76401,3.4,"JFK INTERNATIONAL AIRPORT, NY US",72.1,24,56.2,24,1009,24,8.2,24,18,24,18.2,24,22.9,31.1,78.1, ,66, ,0.28,G,999.9,110010
74486094789,25/08/1986,40.63915,-73.76401,3.4,"JFK INTERNATIONAL AIRPORT, NY US",68.3,24,46.1,24,1016.2,24,15.4,24,18.4,24,14.2,24,18.1,24.1,77, ,60.1, ,0,G,999.9,0
74486094789,26/08/1986,40.63915,-73.76401,3.4,"JFK INTERNATIONAL AIRPORT, NY US",70.1,24,56.3,24,1019.7,24,18.9,24,14.1,24,9.2,24,15,999.9,75.9, ,62.1, ,0,C,999.9,0
74486094789,27/08/1986,40.63915,-73.76401,3.4,"JFK INTERNATIONAL AIRPORT, NY US",75.5,24,68.3,24,1010.8,24,10,24,7.4,24,13.5,24,18.1,24.1,82.9,*,71.1, ,0,D,999.9,0
74486094789,28/08/1986,40.63915,-73.76401,3.4,"JFK INTERNATIONAL AIRPORT, NY US",65.5,24,52.6,24,1012.4,24,11.7,24,12.4,24,11.7,24,15,999.9,82.9, ,53.1,*,0.01,C,999.9,110000
74486094789,29/08/1986,40.63915,-73.76401,3.4,"JFK INTERNATIONAL AIRPORT, NY US",59.2,24,39.4,24,1023.8,24,22.9,24,19.7,24,9.2,24,13,999.9,73, ,53.1, ,0.28,G,999.9,0
74486094789,30/08/1986,40.63915,-73.76401,3.4,"JFK INTERNATIONAL AIRPORT, NY US",64,24,44.2,24,1028.7,24,27.9,24,19.3,24,8.5,24,14,999.9,72,*,55, ,0,G,999.9,0
74486094789,31/08/1986,40.63915,-73.76401,3.4,"JFK INTERNATIONAL AIRPORT, NY US",66.7,24,49.9,24,1027.6,24,26.9,24,15.6,24,7.8,24,12,18.1,75,*,59, ,0,D,999.9,0
74486094789,01/09/1986,40.63915,-73.76401,3.4,"JFK INTERNATIONAL AIRPORT, NY US",66.8,24,54.4,24,1025.4,24,24.7,24,11.8,24,6.7,24,11.1,15,75, ,55, ,0,D,999.9,0
74486094789,02/09/1986,40.63915,-73.76401,3.4,"JFK INTERNATIONAL AIRPORT, NY US",66.8,24,59.5,24,1023.5,24,22.8,24,9.7,24,8.9,24,11.1,18.1,73, ,63, ,0,D,999.9,10000
74486094789,03/09/1986,40.63915,-73.76401,3.4,"JFK INTERNATIONAL AIRPORT, NY US",67.3,24,63.1,24,1023.9,24,23.1,24,5.2,24,7.5,24,12,999.9,71.1,*,63, ,0,D,999.9,110000
74486094789,04/09/1986,40.63915,-73.76401,3.4,"JFK INTERNATIONAL AIRPORT, NY US",64.8,24,60.6,24,1023,24,22.1,23,6.9,24,10.5,24,14,999.9,73, ,62.1, ,0.08,C,999.9,110000
74486094789,05/09/1986,40.63915,-73.76401,3.4,"JFK INTERNATIONAL AIRPORT, NY US",68.2,24,64.4,24,1016.6,24,15.9,24,7.9,24,9.3,24,14,999.9,75,*,64, ,0,D,999.9,110010
74486094789,06/09/1986,40.63915,-73.76401,3.4,"JFK INTERNATIONAL AIRPORT, NY US",71.3,24,63.8,24,1012.7,24,11.9,24,7.2,24,9,24,13,999.9,79,*,66, ,0.59,G,999.9,110010
74486094789,07/09/1986,40.63915,-73.76401,3.4,"JFK INTERNATIONAL AIRPORT, NY US",67.4,24,51.1,24,1015.6,24,14.9,24,18.6,24,8,24,11.1,999.9,80.1, ,57, ,0,G,999.9,0
74486094789,08/09/1986,40.63915,-73.76401,3.4,"JFK INTERNATIONAL AIRPORT, NY US",62.6,24,50.2,24,1020.6,24,19.9,24,18.8,24,7.8,24,13,999.9,73, ,55, ,0,D,999.9,0
74486094789,09/09/1986,40.63915,-73.76401,3.4,"JFK INTERNATIONAL AIRPORT, NY US",63.5,24,46.2,24,1024.8,24,24,24,13.5,24,6.8,24,14,999.9,72,*,51.1, ,0,D,999.9,0
74486094789,10/09/1986,40.63915,-73.76401,3.4,"JFK INTERNATIONAL AIRPORT, NY US",66.1,24,53.7,24,1025.1,24,24.3,24,13.1,24,11.5,24,21,26,73, ,57.9, ,0,D,999.9,0
74486094789,11/09/1986,40.63915,-73.76401,3.4,"JFK INTERNATIONAL AIRPORT, NY US",71.5,24,65.6,24,1018,24,17.2,24,6.9,24,12.9,24,17.1,24.1,81,*,66.9, ,0,D,999.9,0
74486094789,12/09/1986,40.63915,-73.76401,3.4,"JFK INTERNATIONAL AIRPORT, NY US",74.8,24,68,24,1008.7,24,7.9,24,8.2,24,15.5,24,20,999.9,84,*,71.1, ,0,D,999.9,100000
74486094789,13/09/1986,40.63915,-73.76401,3.4,"JFK INTERNATIONAL AIRPORT, NY US",70.5,24,48.1,24,1015.8,24,14.9,24,20.7,24,13.6,24,20,25.1,84, ,60.1, ,0,D,999.9,0
74486094789,14/09/1986,40.63915,-73.76401,3.4,"JFK INTERNATIONAL AIRPORT, NY US",65.8,24,43.8,24,1022.9,24,22.1,24,24.2,24,11,24,15.9,999.9,79, ,57, ,0,D,999.9,0
74486094789,15/09/1986,40.63915,-73.76401,3.4,"JFK INTERNATIONAL AIRPORT, NY US",62.2,24,48,24,1024.1,24,23.3,24,16.9,24,6.1,24,11.1,999.9,71.1, ,50, ,0,D,999.9,0
74486094789,16/09/1986,40.63915,-73.76401,3.4,"JFK INTERNATIONAL AIRPORT, NY US",63.8,24,48.9,24,1018.6,24,17.8,24,17.8,24,17.4,24,26,35,72, ,54, ,0.04,G,999.9,0
74486094789,17/09/1986,40.63915,-73.76401,3.4,"JFK INTERNATIONAL AIRPORT, NY US",56.5,24,39.4,24,1028.3,24,27.5,24,23.4,24,10.1,24,15.9,22,70, ,48.9, ,0,G,999.9,0
74486094789,18/09/1986,40.63915,-73.76401,3.4,"JFK INTERNATIONAL AIRPORT, NY US",59.4,24,49.6,24,1028,24,27.2,24,15.9,24,9.6,24,15,999.9,64.9, ,54, ,0,D,999.9,0
74486094789,19/09/1986,40.63915,-73.76401,3.4,"JFK INTERNATIONAL AIRPORT, NY US",64.4,24,59.4,24,1022.2,24,21.4,24,8.4,24,6.8,24,14,25.1,73,*,60.1, ,0.04,G,999.9,110000
74486094789,20/09/1986,40.63915,-73.76401,3.4,"JFK INTERNATIONAL AIRPORT, NY US",64.7,24,59.4,24,1022.2,24,21.5,24,5.5,24,5.2,24,10.1,999.9,73.9, ,55.9, ,0,G,999.9,100000
74486094789,21/09/1986,40.63915,-73.76401,3.4,"JFK INTERNATIONAL AIRPORT, NY US",68.1,24,61.5,24,1021.3,24,20.5,24,7.6,24,9.2,24,15.9,999.9,75,*,64.9, ,0,D,999.9,110000
74486094789,22/09/1986,40.63915,-73.76401,3.4,"JFK INTERNATIONAL AIRPORT, NY US",59.8,24,53.7,24,1024.1,24,23.4,24,11.9,24,8,24,17.1,999.9,75, ,53.1, ,0,D,999.9,0
74486094789,23/09/1986,40.63915,-73.76401,3.4,"JFK INTERNATIONAL AIRPORT, NY US",66.7,24,62.5,24,1013.6,24,12.8,24,6.9,24,10,24,17.1,25.1,73.9,*,62.1, ,0.02,G,999.9,110010
74486094789,24/09/1986,40.63915,-73.76401,3.4,"JFK INTERNATIONAL AIRPORT, NY US",69.8,24,65.6,24,1009.5,24,8.7,24,9.5,24,6.3,24,12,999.9,75.9,*,66, ,0.12,G,999.9,10000
74486094789,25/09/1986,40.63915,-73.76401,3.4,"JFK INTERNATIONAL AIRPORT, NY US",70.5,24,61.1,24,1014.2,24,13.4,24,7,24,5,24,8,999.9,75.9, ,64.9, ,0,G,999.9,100000
74486094789,26/09/1986,40.63915,-73.76401,3.4,"JFK INTERNATIONAL AIRPORT, NY US",69.2,24,63,24,1017.8,24,17.1,24,7.4,24,5.4,24,12,999.9,78.1, ,64, ,0.16,G,999.9,110010
74486094789,27/09/1986,40.63915,-73.76401,3.4,"JFK INTERNATIONAL AIRPORT, NY US",66.5,24,61.8,24,1017.1,24,16.3,24,6.8,24,8.6,24,15.9,22,81, ,60.1, ,0.71,G,999.9,110010
74486094789,28/09/1986,40.63915,-73.76401,3.4,"JFK INTERNATIONAL AIRPORT, NY US",61.3,24,50.9,24,1024.3,24,23.6,24,16.2,24,5.6,24,8.9,999.9,73.9, ,57.9, ,0.04,G,999.9,0
74486094789,29/09/1986,40.63915,-73.76401,3.4,"JFK INTERNATIONAL AIRPORT, NY US",67.3,24,60.9,24,1024.4,24,23.6,24,13.1,24,9.1,24,13,999.9,73,*,64, ,0,G,999.9,0
74486094789,30/09/1986,40.63915,-73.76401,3.4,"JFK INTERNATIONAL AIRPORT, NY US",72.5,24,67.4,24,1018.9,24,18.2,24,6.5,24,10.4,24,14,999.9,84,*,66.9, ,0,D,999.9,0
74486094789,01/10/1986,40.63915,-73.76401,3.4,"JFK INTERNATIONAL AIRPORT, NY US",77.3,24,65.2,24,1013.9,24,13.1,24,10.2,24,11.2,24,14,20,84, ,72, ,0,C,999.9,0
74486094789,02/10/1986,40.63915,-73.76401,3.4,"JFK INTERNATIONAL AIRPORT, NY US",68.7,24,60.5,24,1014.2,24,13.4,24,10.3,24,6.9,24,10.1,15.9,84.9, ,64, ,0.04,D,999.9,10000
74486094789,03/10/1986,40.63915,-73.76401,3.4,"JFK INTERNATIONAL AIRPORT, NY US",63.6,24,59,24,1018.4,24,17.6,24,9.1,24,6.3,24,14,999.9,75.9, ,57.9, ,0,D,999.9,110000
74486094789,04/10/1986,40.63915,-73.76401,3.4,"JFK INTERNATIONAL AIRPORT, NY US",73.1,24,66.6,24,1006.2,24,5.4,24,7.3,24,11,24,13,999.9,80.1,*,66,*,0.47,B,999.9,110000
74486094789,05/10/1986,40.63915,-73.76401,3.4,"JFK INTERNATIONAL AIRPORT, NY US",68.8,24,54.1,24,1004.4,24,3.7,24,18,24,12.2,24,18.1,25.1,81, ,62.1, ,0.01,D,999.9,10000
74486094789,06/10/1986,40.63915,-73.76401,3.4,"JFK INTERNATIONAL AIRPORT, NY US",59.9,24,37.9,24,1008.6,24,7.8,24,20.9,24,17,24,28,35,75, ,55, ,0,D,999.9,0
74486094789,07/10/1986,40.63915,-73.76401,3.4,"JFK INTERNATIONAL AIRPORT, NY US",50.9,24,29.3,24,1021.8,24,21,24,19.9,24,10.6,24,19,26,64, ,44.1, ,0,D,999.9,0
74486094789,08/10/1986,40.63915,-73.76401,3.4,"JFK INTERNATIONAL AIRPORT, NY US",58.6,24,46.9,24,1023.6,24,22.8,24,16.8,24,11.1,24,19,25.1,66.9,*,48.9, ,0,D,999.9,0
74486094789,09/10/1986,40.63915,-73.76401,3.4,"JFK INTERNATIONAL AIRPORT, NY US",65.3,24,61.8,24,1019.8,24,19,24,5.3,24,8.4,24,15,999.9,73.9,*,60.1, ,0,C,999.9,100000
74486094789,10/10/1986,40.63915,-73.76401,3.4,"JFK INTERNATIONAL AIRPORT, NY US",51.1,24,34.4,24,1026.2,24,25.5,24,18.8,24,14.4,24,19,26,73.9, ,44.1, ,0,D,999.9,100000
74486094789,11/10/1986,40.63915,-73.76401,3.4,"JFK INTERNATIONAL AIRPORT, NY US",48.2,24,34.6,24,1032.5,24,31.7,24,18.8,24,9,24,13,22.9,57.9,*,39.9, ,0,D,999.9,0
74486094789,12/10/1986,40.63915,-73.76401,3.4,"JFK INTERNATIONAL AIRPORT, NY US",54.2,24,47.9,24,1027.5,24,26.7,24,15.6,24,7.3,24,11.1,999.9,62.1,*,46.9, ,0,D,999.9,0
74486094789,13/10/1986,40.63915,-73.76401,3.4,"JFK INTERNATIONAL AIRPORT, NY US",58.5,24,57,24,1020.6,24,19.8,24,7.3,24,5.8,24,11.1,999.9,63, ,53.1, ,0.04,C,999.9,110000
74486094789,14/10/1986,40.63915,-73.76401,3.4,"JFK INTERNATIONAL AIRPORT, NY US",64.2,24,62.5,24,1009.9,24,9.2,24,3.9,24,5.8,24,14,999.9,71.1,*,61, ,0.51,G,999.9,110000
74486094789,15/10/1986,40.63915,-73.76401,3.4,"JFK INTERNATIONAL AIRPORT, NY US",55.7,24,38,24,1013.4,24,12.6,24,16.2,24,13.2,24,19,999.9,72, ,48, ,0.08,G,999.9,0
74486094789,16/10/1986,40.63915,-73.76401,3.4,"JFK INTERNATIONAL AIRPORT, NY US",52.7,24,37.7,24,1018.2,24,17.4,24,13.2,24,6.2,24,12,999.9,59, ,44.1, ,0,G,999.9,0
74486094789,17/10/1986,40.63915,-73.76401,3.4,"JFK INTERNATIONAL AIRPORT, NY US",54.7,24,40,24,1019,24,18.2,24,14.5,24,8.1,24,10.1,999.9,59,*,48.9, ,0,C,999.9,0
74486094789,18/10/1986,40.63915,-73.76401,3.4,"JFK INTERNATIONAL AIRPORT, NY US",51.2,24,35.2,24,1027.2,24,26.4,24,16,24,10.2,24,15,999.9,59, ,45, ,0,D,999.9,10000
74486094789,19/10/1986,40.63915,-73.76401,3.4,"JFK INTERNATIONAL AIRPORT, NY US",50.3,24,30.1,24,1029.5,24,28.7,24,20.7,24,8.2,24,13,999.9,61,*,42.1, ,0,D,999.9,0
74486094789,20/10/1986,40.63915,-73.76401,3.4,"JFK INTERNATIONAL AIRPORT, NY US",54.5,24,36.6,24,1024.2,24,23.4,24,14.9,24,7.1,24,12,999.9,64,*,46.9, ,0,B,999.9,0
74486094789,21/10/1986,40.63915,-73.76401,3.4,"JFK INTERNATIONAL AIRPORT, NY US",55.3,24,45.9,24,1021.1,24,20.4,24,12.1,24,6.2,24,13,999.9,64.9,*,43, ,0,C,999.9,0
74486094789,22/10/1986,40.63915,-73.76401,3.4,"JFK INTERNATIONAL AIRPORT, NY US",59,24,47.5,24,1020.3,24,19.5,24,9.1,24,6.3,24,11.1,999.9,66, ,51.1, ,0,D,999.9,100000
74486094789,23/10/1986,40.63915,-73.76401,3.4,"JFK INTERNATIONAL AIRPORT, NY US",60.7,24,53.7,24,1019.5,24,18.7,24,5.2,24,9.3,24,15.9,999.9,71.1,*,54, ,0,D,999.9,100000
74486094789,24/10/1986,40.63915,-73.76401,3.4,"JFK INTERNATIONAL AIRPORT, NY US",58.9,24,41,24,1021.3,24,20.5,24,16,24,10.6,24,15,999.9,71.1, ,52, ,0,D,999.9,0
74486094789,25/10/1986,40.63915,-73.76401,3.4,"JFK INTERNATIONAL AIRPORT, NY US",49,24,34.9,24,1026.4,24,25.6,24,15,24,6.7,24,8.9,999.9,63, ,39.9, ,0,D,999.9,0
74486094789,26/10/1986,40.63915,-73.76401,3.4,"JFK INTERNATIONAL AIRPORT, NY US",51.9,24,47.9,24,1020.5,24,19.8,24,7.6,24,6.8,24,13,999.9,54, ,48.9, ,0.02,G,999.9,110000
74486094789,27/10/1986,40.63915,-73.76401,3.4,"JFK INTERNATIONAL AIRPORT, NY US",52.2,24,51.5,24,1012.9,23,12,24,3,24,7.3,24,12,999.9,55, ,50, ,0,G,999.9,110000
74486094789,28/10/1986,40.63915,-73.76401,3.4,"JFK INTERNATIONAL AIRPORT, NY US",58.2,24,50.1,24,1014.2,24,13.4,24,8.6,24,9.3,24,15,22.9,69.1,*,52, ,0,D,999.9,110000
74486094789,29/10/1986,40.63915,-73.76401,3.4,"JFK INTERNATIONAL AIRPORT, NY US",55.3,24,48,24,1021.9,24,21.2,24,11,24,6.2,24,14,999.9,69.1, ,44.1, ,0,D,999.9,0
74486094789,30/10/1986,40.63915,-73.76401,3.4,"JFK INTERNATIONAL AIRPORT, NY US",59.1,24,45.4,24,1019.5,24,18.7,24,13.9,24,11.4,24,15,22,64.9, ,55, ,0,D,999.9,0
74486094789,31/10/1986,40.63915,-73.76401,3.4,"JFK INTERNATIONAL AIRPORT, NY US",45.5,24,29.8,24,1036.6,24,35.8,24,22,24,9.3,24,18.1,19,64.9, ,37, ,0,D,999.9,0
74486094789,01/11/1986,40.63915,-73.76401,3.4,"JFK INTERNATIONAL AIRPORT, NY US",54.4,24,44.9,24,1036.9,24,36.1,24,18.7,24,7.2,24,8.9,999.9,61,*,46.9, ,0,D,999.9,0
74486094789,02/11/1986,40.63915,-73.76401,3.4,"JFK INTERNATIONAL AIRPORT, NY US",58,24,53.9,24,1024.7,24,23.9,24,9.8,24,9.3,24,15,18.1,62.1,*,52,*,0.08,G,999.9,110000
74486094789,03/11/1986,40.63915,-73.76401,3.4,"JFK INTERNATIONAL AIRPORT, NY US",46.2,24,32.8,24,1024.9,24,24.2,24,20.1,24,8.5,24,14,999.9,63, ,37.9, ,0.01,G,999.9,0
74486094789,04/11/1986,40.63915,-73.76401,3.4,"JFK INTERNATIONAL AIRPORT, NY US",50.9,24,42.6,24,1019.5,24,18.7,24,11.6,24,9,24,13,999.9,55.9,*,46, ,0.02,G,999.9,110000
74486094789,05/11/1986,40.63915,-73.76401,3.4,"JFK INTERNATIONAL AIRPORT, NY US",41.8,24,29.7,24,1024.7,24,24,24,14,24,12.5,24,15.9,999.9,55.9, ,39, ,0.12,G,999.9,111000
74486094789,06/11/1986,40.63915,-73.76401,3.4,"JFK INTERNATIONAL AIRPORT, NY US",46.9,24,44.1,24,1017.9,24,17.1,24,7,24,12,24,15.9,999.9,50,*,39, ,0.79,G,999.9,110000
74486094789,07/11/1986,40.63915,-73.76401,3.4,"JFK INTERNATIONAL AIRPORT, NY US",48,24,42.8,24,1030.6,24,29.8,24,12.7,24,6.5,24,8.9,999.9,54,*,39, ,0,G,999.9,0
74486094789,08/11/1986,40.63915,-73.76401,3.4,"JFK INTERNATIONAL AIRPORT, NY US",56.2,24,54.7,24,1027.8,24,27,24,5.1,24,7.3,24,15,999.9,60.1,*,52, ,0.12,G,999.9,110000
74486094789,09/11/1986,40.63915,-73.76401,3.4,"JFK INTERNATIONAL AIRPORT, NY US",60.6,24,59.1,24,1016.6,24,15.8,24,4.2,24,8.3,24,15,999.9,68,*,57.9, ,0.51,G,999.9,110000
74486094789,10/11/1986,40.63915,-73.76401,3.4,"JFK INTERNATIONAL AIRPORT, NY US",48.2,24,28.3,24,1026,24,25.2,24,24.9,24,13.4,24,26,999.9,69.1, ,41, ,0.24,G,999.9,0
74486094789,11/11/1986,40.63915,-73.76401,3.4,"JFK INTERNATIONAL AIRPORT, NY US",40.9,24,30.7,24,1027.4,24,26.6,24,14,24,6.6,24,11.1,999.9,52, ,33.1, ,0,G,999.9,110000
74486094789,12/11/1986,40.63915,-73.76401,3.4,"JFK INTERNATIONAL AIRPORT, NY US",43.4,24,36.1,24,1025,24,24.3,24,10.4,24,6.3,24,11.1,999.9,48.9,*,39, ,0.94,G,999.9,100000
74486094789,13/11/1986,40.63915,-73.76401,3.4,"JFK INTERNATIONAL AIRPORT, NY US",40.9,24,26.7,24,1023.3,24,22.5,24,16,24,13.4,24,25.1,31.1,50, ,30,*,0,G,999.9,0
74486094789,14/11/1986,40.63915,-73.76401,3.4,"JFK INTERNATIONAL AIRPORT, NY US",28.6,24,9.1,24,1035.6,24,34.9,24,23,24,12.4,24,25.1,33,44.1, ,24.1, ,0,D,999.9,0
74486094789,15/11/1986,40.63915,-73.76401,3.4,"JFK INTERNATIONAL AIRPORT, NY US",36.3,24,22.2,24,1027.7,24,26.9,24,17.9,24,11.8,24,18.1,24.1,43,*,32, ,0,D,999.9,0
74486094789,16/11/1986,40.63915,-73.76401,3.4,"JFK INTERNATIONAL AIRPORT, NY US",45.9,24,30.4,24,1015.9,24,15.2,24,11.5,24,6.6,24,11.1,999.9,53.1,*,42.1, ,0,D,999.9,0
74486094789,17/11/1986,40.63915,-73.76401,3.4,"JFK INTERNATIONAL AIRPORT, NY US",47.5,24,36.8,24,1014.5,24,13.7,24,8.7,24,6.2,24,11.1,999.9,54, ,42.1, ,0,D,999.9,0
74486094789,18/11/1986,40.63915,-73.76401,3.4,"JFK INTERNATIONAL AIRPORT, NY US",48.4,24,37.8,24,1014.7,24,13.9,24,9.1,24,5.8,24,10.1,999.9,52, ,42.1, ,0,D,999.9,0
74486094789,19/11/1986,40.63915,-73.76401,3.4,"JFK INTERNATIONAL AIRPORT, NY US",38.1,24,30.5,24,1013.1,24,12.3,24,10.4,24,17.9,24,30.1,33,52, ,33.1, ,0.43,C,999.9,111010
74486094789,20/11/1986,40.63915,-73.76401,3.4,"JFK INTERNATIONAL AIRPORT, NY US",33,24,23.9,24,1025,24,24.2,24,13.7,24,9.4,24,13,20,51.1,*,25, ,0,H,999.9,110000
74486094789,21/11/1986,40.63915,-73.76401,3.4,"JFK INTERNATIONAL AIRPORT, NY US",47.7,24,38,24,1002.8,24,2,24,11,24,18.2,24,27,35,57,*,39,*,0.91,G,999.9,110000
74486094789,22/11/1986,40.63915,-73.76401,3.4,"JFK INTERNATIONAL AIRPORT, NY US",39.9,24,23.3,24,1018.1,24,17.3,24,19.7,24,13.5,24,22,28.9,46.9, ,36,*,0,G,999.9,0
74486094789,23/11/1986,40.63915,-73.76401,3.4,"JFK INTERNATIONAL AIRPORT, NY US",41.8,24,33.2,24,1026.5,24,25.8,24,15.3,24,7.1,24,11.1,999.9,53.1,*,32,*,0,I,999.9,0
74486094789,24/11/1986,40.63915,-73.76401,3.4,"JFK INTERNATIONAL AIRPORT, NY US",50.5,24,48.1,24,1019.5,24,18.8,24,5.4,24,8.9,24,14,18.1,52,*,48.9, ,0.2,B,999.9,110000
74486094789,25/11/1986,40.63915,-73.76401,3.4,"JFK INTERNATIONAL AIRPORT, NY US",45,24,30.7,24,1024.2,24,23.4,24,13.5,24,8.7,24,13,15.9,52, ,41,*,0.13,D,999.9,0
74486094789,26/11/1986,40.63915,-73.76401,3.4,"JFK INTERNATIONAL AIRPORT, NY US",46.6,24,43.6,24,1021.1,24,20.2,24,5.7,24,8.2,24,21,999.9,57,*,39.9, ,0.59,D,999.9,110000
74486094789,27/11/1986,40.63915,-73.76401,3.4,"JFK INTERNATIONAL AIRPORT, NY US",53.1,24,42.8,24,1013.4,24,12.6,24,16.7,24,13.8,24,26,35,61, ,48, ,0.43,D,999.9,110000
74486094789,28/11/1986,40.63915,-73.76401,3.4,"JFK INTERNATIONAL AIRPORT, NY US",42.8,24,34.3,24,1022.8,24,22,24,14.9,24,5.9,24,11.1,999.9,55, ,33.1, ,0,D,999.9,0
74486094789,29/11/1986,40.63915,-73.76401,3.4,"JFK INTERNATIONAL AIRPORT, NY US",46.8,24,36.3,24,1018.8,24,18,24,10.4,24,8.6,24,15.9,22,55.9,*,39, ,0,D,999.9,100000
74486094789,30/11/1986,40.63915,-73.76401,3.4,"JFK INTERNATIONAL AIRPORT, NY US",43.5,24,24.9,24,1024.3,24,23.5,24,17,24,10.8,24,18.1,999.9,55.9, ,39, ,0,D,999.9,0
74486094789,01/12/1986,40.63915,-73.76401,3.4,"JFK INTERNATIONAL AIRPORT, NY US",31.9,24,14.7,24,1035.3,24,34.5,24,19.9,24,11.6,24,18.1,21,46.9, ,25,*,0,C,999.9,0
74486094789,02/12/1986,40.63915,-73.76401,3.4,"JFK INTERNATIONAL AIRPORT, NY US",40,24,26.2,24,1032.6,24,31.8,24,12.8,24,12.9,24,20,31.1,48,*,33.1, ,0,D,999.9,10000
74486094789,03/12/1986,40.63915,-73.76401,3.4,"JFK INTERNATIONAL AIRPORT, NY US",54,24,50.3,24,1006,24,5.3,24,6.4,24,15.6,24,25.1,35.9,57.9,*,46.9, ,1.42,C,999.9,110000
74486094789,04/12/1986,40.63915,-73.76401,3.4,"JFK INTERNATIONAL AIRPORT, NY US",44.9,23,27,23,1015.1,23,14.2,23,18.8,23,15.7,23,20,24.1,57.9, ,37.9, ,2.01,G,999.9,0
74486094789,05/12/1986,40.63915,-73.76401,3.4,"JFK INTERNATIONAL AIRPORT, NY US",38.4,24,19.4,21,1024.7,24,24,24,18.6,24,12.7,24,15.9,21,46.9, ,35.1, ,0,G,999.9,0
74486094789,06/12/1986,40.63915,-73.76401,3.4,"JFK INTERNATIONAL AIRPORT, NY US",36.5,24,21.7,24,1031.2,24,30.4,24,19.5,24,8.4,24,14,18.1,43, ,28.9, ,0,D,999.9,0
74486094789,07/12/1986,40.63915,-73.76401,3.4,"JFK INTERNATIONAL AIRPORT, NY US",39.6,24,26.6,24,1028.5,24,27.7,24,12.8,24,6.9,24,17.1,22,45,*,35.1, ,0,D,999.9,0
74486094789,08/12/1986,40.63915,-73.76401,3.4,"JFK INTERNATIONAL AIRPORT, NY US",44,24,27.7,24,1023.4,24,22.6,24,12.8,24,9.2,24,15,24.1,46, ,41,*,0,D,999.9,0
74486094789,09/12/1986,40.63915,-73.76401,3.4,"JFK INTERNATIONAL AIRPORT, NY US",40.1,24,32.8,24,1024.2,24,23.4,24,6.3,24,8.1,24,12,999.9,48.9,*,33.1,*,0.51,C,999.9,111000
74486094789,10/12/1986,40.63915,-73.76401,3.4,"JFK INTERNATIONAL AIRPORT, NY US",49.8,24,44.4,24,1011.3,24,10.5,24,7,24,8.6,24,18.1,28.9,55,*,46.9, ,0.31,D,999.9,110000
74486094789,11/12/1986,40.63915,-73.76401,3.4,"JFK INTERNATIONAL AIRPORT, NY US",37.4,24,23.5,24,1021.6,24,20.8,24,12.2,24,9.3,24,15.9,25.1,55, ,33.1,*,0,D,999.9,111000
74486094789,12/12/1986,40.63915,-73.76401,3.4,"JFK INTERNATIONAL AIRPORT, NY US",36.5,24,29.4,24,1015,24,14.3,24,8,24,10.6,24,15.9,999.9,39.9,*,33.1, ,0.28,D,999.9,110000
74486094789,13/12/1986,40.63915,-73.76401,3.4,"JFK INTERNATIONAL AIRPORT, NY US",31.7,24,13.3,24,1022.2,24,21.5,24,18.6,24,17.1,24,24.1,32.1,39.9, ,27, ,0,D,999.9,0
74486094789,14/12/1986,40.63915,-73.76401,3.4,"JFK INTERNATIONAL AIRPORT, NY US",25.7,24,5.7,24,1034.5,24,33.7,24,20.5,24,10.3,24,15,20,36,*,21, ,0,D,999.9,0
74486094789,15/12/1986,40.63915,-73.76401,3.4,"JFK INTERNATIONAL AIRPORT, NY US",37.8,24,22.7,24,1025.3,24,24.5,24,13,24,12.6,24,18.1,20,48,*,32, ,0,D,999.9,0
74486094789,16/12/1986,40.63915,-73.76401,3.4,"JFK INTERNATIONAL AIRPORT, NY US",40.5,24,27.7,24,1026,24,25.2,24,9.7,24,5,24,8,999.9,48, ,34, ,0,C,999.9,0
74486094789,17/12/1986,40.63915,-73.76401,3.4,"JFK INTERNATIONAL AIRPORT, NY US",41.4,24,31.5,24,1026.4,24,25.6,24,8.2,24,6.1,24,12,999.9,46.9, ,37, ,0,D,999.9,0
74486094789,18/12/1986,40.63915,-73.76401,3.4,"JFK INTERNATIONAL AIRPORT, NY US",43.1,24,37.5,24,1018.4,24,17.7,24,9.2,24,11.8,24,14,21,46, ,39.9, ,0.28,D,999.9,110000
74486094789,19/12/1986,40.63915,-73.76401,3.4,"JFK INTERNATIONAL AIRPORT, NY US",41.4,24,34,24,1003.7,24,2.9,24,11.7,24,20.5,24,30.1,40,48,*,35.1, ,1.42,G,999.9,110000
74486094789,20/12/1986,40.63915,-73.76401,3.4,"JFK INTERNATIONAL AIRPORT, NY US",39.5,24,25.9,24,1018.3,24,17.4,24,18.8,24,8.3,24,15,999.9,48, ,37, ,0.01,G,999.9,0
74486094789,21/12/1986,40.63915,-73.76401,3.4,"JFK INTERNATIONAL AIRPORT, NY US",36.6,24,22,24,1024.9,24,24,24,19.5,24,10.3,24,15.9,999.9,43, ,32, ,0,G,999.9,0
74486094789,22/12/1986,40.63915,-73.76401,3.4,"JFK INTERNATIONAL AIRPORT, NY US",34,24,20,24,1029.8,24,29.1,24,17.2,24,6.8,24,14,999.9,41,*,28.9, ,0,D,999.9,0
74486094789,23/12/1986,40.63915,-73.76401,3.4,"JFK INTERNATIONAL AIRPORT, NY US",38.7,24,23.5,24,1024.5,24,23.7,24,12.9,24,11.9,24,15.9,999.9,48.9,*,32, ,0,D,999.9,0
74486094789,24/12/1986,40.63915,-73.76401,3.4,"JFK INTERNATIONAL AIRPORT, NY US",39.5,24,28.1,24,1023.7,24,22.9,24,8.7,24,9.5,24,17.1,22.9,48.9, ,32, ,0,D,999.9,10000
74486094789,25/12/1986,40.63915,-73.76401,3.4,"JFK INTERNATIONAL AIRPORT, NY US",47.9,24,45.1,24,1009.2,24,8.4,24,5.6,24,18.5,24,30.1,46,52,*,39.9, ,1.85,G,999.9,110000
74486094789,26/12/1986,40.63915,-73.76401,3.4,"JFK INTERNATIONAL AIRPORT, NY US",44.6,24,31.2,24,1017.6,24,16.8,24,14.9,24,12,24,17.1,999.9,52, ,41, ,0,G,999.9,0
74486094789,27/12/1986,40.63915,-73.76401,3.4,"JFK INTERNATIONAL AIRPORT, NY US",39.4,24,25,24,1024.5,24,23.7,24,18.4,24,4.9,24,11.1,999.9,48, ,37, ,0,D,999.9,0
74486094789,28/12/1986,40.63915,-73.76401,3.4,"JFK INTERNATIONAL AIRPORT, NY US",36,24,23.7,24,1025,24,24.2,24,15.1,24,8.5,24,12,999.9,42.1, ,34, ,0,C,999.9,0
74486094789,29/12/1986,40.63915,-73.76401,3.4,"JFK INTERNATIONAL AIRPORT, NY US",37.3,24,23.8,24,1025.1,24,24.3,24,12.5,24,4.8,24,11.1,999.9,43,*,35.1, ,0,D,999.9,0
74486094789,30/12/1986,40.63915,-73.76401,3.4,"JFK INTERNATIONAL AIRPORT, NY US",37.5,24,31,24,1015.8,24,15,24,7.4,24,8,24,15.9,999.9,43, ,33.1,*,0.04,D,999.9,111000
74486094789,31/12/1986,40.63915,-73.76401,3.4,"JFK INTERNATIONAL AIRPORT, NY US",38.4,24,25.1,24,1017,24,16.2,24,11.9,24,12.8,24,17.1,22,44.1,*,34, ,0.24,C,999.9,0
